stock_a,stock_b,loading_dist,coint_pval,cointegrated
EXPD,J,0.0011804178083849983,0.017531683317856376,True
KHC,KR,0.0019037693937202572,0.03667227369543111,True
